ID,Ten,Chuc vu,Ngay bat dau lam,Ngay lam viec,Ngay nghi phep tich luy,Ngay nghi khong phep,Luong co ban,He so luong,Luong thuc te,Danh gia
11002,Thanh Phan Le Vy,Nhan vien,1/6/2019,1629,72,2,8000000,1.5,1.184e+07,Tot
11004,Lanh Nguyen Hong,Nhan vien,1/3/2014,2932,132,0,8000000,2,1.6e+07,Tot
11005,Hao Nguyen Yen,Nhan vien,18/2/2017,2118,96,0,8000000,1.5,1.2e+07,Tot
11006,Phat Tan Le,Nhan vien,3/12/2017,2103,96,0,8000000,1.5,1.2e+07,Tot
13001,Chau Phan Manh,Pho phong,17/5/2004,5438,240,2,15000000,2,2.97e+07,Tot
12002,Yi Long Ma,Truong phong,6/8/2010,3862,168,2,12000000,2,2.376e+07,Tot
12003,Su Pham Thien,Truong phong,14/2/2008,4463,204,1,12000000,2,2.4e+07,Tot
